{"active_positions": {}, "initial_analysis": {"return_distribution": {"n_samples": 11999, "mean": 8.137180299239321e-06, "std": 0.0007627935523499667, "skewness": -0.5304149618012379, "kurtosis": 7.599765572840527, "excess_kurtosis": 7.599765572840527, "median": 1.4996888145768494e-05, "mad": 0.0003804939641691707, "min": -0.008555822350016062, "max": 0.006801576143991461, "range": 0.015357398494007524, "q1": -0.0003636457795277437, "q3": 0.0003983480285453256, "iqr": 0.0007619938080730693, "sharpe": 1.6592155622637461, "sortino": 2.17027010002381, "jarque_bera_stat": 29438.44503626756, "jarque_bera_pvalue": 0.0, "is_normal": "False", "left_tail_mean": -0.0018298863679030782, "right_tail_mean": 0.0016916998931088085, "tail_asymmetry": 0.00013818647479426965, "tail_ratio": 1.0816849816904148, "var_95": -0.01123985586967498, "var_99": -0.020674077414643815, "cvar_95": -0.017929151554549418, "cvar_99": -0.03087910403759843, "downside_deviation": 0.0005831711605111386, "max_drawdown": -0.008555822350016062, "autocorrelation_mean": 0.008981405411840036, "autocorrelation_lag1": 0.0021511604832453947, "half_life": 0.694641465760813, "vol_clustering": 0.13879412881199993}, "market_regime": {"regime": "trending", "confidence": 1.0, "hurst": 0.6232611603788298, "autocorrelation": 0.0022599556628459293, "volatility": 0.0007629437443188065, "sharpe": 0.01028404206043865, "scores": {"trending": 2, "mean_reverting": 0, "random_walk": 0, "volatile": 0}}, "risk_metrics": {"volatility": 0.0007627935523499667, "downside_deviation": 0.0005831711605111386, "var_95": -0.0011471629859637568, "var_99": -0.0021100391903614746, "cvar_95": -0.0018298863679030782, "cvar_99": -0.0031515853586013324, "sharpe": 0.1693429792013029, "sortino": 0.22150226454488936, "max_drawdown": 0, "avg_drawdown": 0, "skewness": -0.5304149618012379, "kurtosis": 7.599765572840527, "tail_ratio": 1.0816849816904148, "calmar": Infinity, "recovery_factor": Infinity, "omega": 1.0311189476456568, "ulcer_index": 0}}, "last_regime": "trending", "risk_metrics_history": [], "equity_curve": [2727.66, 2708.87, 2705.33, 2732.56, 2773.15, 2627.89, 2491.56, 2489.01, 2644.12, 2644.12, 2641.4, 2689.61, 2619.06, 2618.52, 2551.49], "returns_series": [], "last_analysis_time": "2025-12-30T21:19:22.979846", "iteration": 61}