{"active_positions": {}, "initial_analysis": {"return_distribution": {"n_samples": 11999, "mean": 6.147473698466654e-06, "std": 0.0007641626854177214, "skewness": -0.5488328098810076, "kurtosis": 7.563970038985131, "excess_kurtosis": 7.563970038985131, "median": 1.4566748483213487e-05, "mad": 0.000380247291898117, "min": -0.008555822350016062, "max": 0.006801576143991461, "range": 0.015357398494007524, "q1": -0.00036390904983923944, "q3": 0.00039735264456775, "iqr": 0.0007612616944069894, "sharpe": 1.2512576314013508, "sortino": 1.6300857857643223, "jarque_bera_stat": 29206.822177045982, "jarque_bera_pvalue": 0.0, "is_normal": "False", "left_tail_mean": -0.0018440675654537346, "right_tail_mean": 0.0016863822412748338, "tail_asymmetry": 0.0001576853241789008, "tail_ratio": 1.0935050905539052, "var_95": -0.011349190548779399, "var_99": -0.021012026993457635, "cvar_95": -0.01806809834631228, "cvar_99": -0.03110507217494907, "downside_deviation": 0.0005865730503948557, "max_drawdown": -0.008555822350016062, "autocorrelation_mean": 0.008591782361860045, "autocorrelation_lag1": 0.009402847897911572, "half_life": 0.6997266205814529, "vol_clustering": 0.14658993200499415}, "market_regime": {"regime": "random_walk", "confidence": 1.0, "hurst": 0.488635266792388, "autocorrelation": 0.009522921200963659, "volatility": 0.0007643203220096443, "sharpe": 0.007660928779885899, "scores": {"trending": 0, "mean_reverting": 0, "random_walk": 2, "volatile": 0}}, "risk_metrics": {"volatility": 0.0007641626854177214, "downside_deviation": 0.0005865730503948557, "var_95": -0.0011583219099219554, "var_99": -0.002144531024814906, "cvar_95": -0.0018440675654537346, "cvar_99": -0.003174648135044508, "sharpe": 0.127705947237366, "sortino": 0.16636993383693185, "max_drawdown": 0, "avg_drawdown": 0, "skewness": -0.5488328098810076, "kurtosis": 7.563970038985131, "tail_ratio": 1.0935050905539052, "calmar": Infinity, "recovery_factor": Infinity, "omega": 1.0233865139835623, "ulcer_index": 0}}, "last_regime": "random_walk", "risk_metrics_history": [], "equity_curve": [499.62, 492.89, 492.63, 498.77, 498.77, 498.77, 498.77, 498.49, 490.42, 490.11, 491.75, 494.96, 494.96], "returns_series": [], "last_analysis_time": "2025-12-31T13:00:22.701756", "iteration": 60}