{"active_positions": {}, "initial_analysis": {"return_distribution": {"n_samples": 11999, "mean": 6.268287575629044e-06, "std": 0.0007642067997563602, "skewness": -0.5499651212750319, "kurtosis": 7.560315382324005, "excess_kurtosis": 7.560315382324005, "median": 1.4835694681414324e-05, "mad": 0.00038077287711346663, "min": -0.008555822350016062, "max": 0.006801576143991461, "range": 0.015357398494007524, "q1": -0.00036390904983923944, "q3": 0.00039791713988701627, "iqr": 0.0007618261897262557, "sharpe": 1.2757744551968302, "sortino": 1.6617171950762324, "jarque_bera_stat": 29181.675600373153, "jarque_bera_pvalue": 0.0, "is_normal": "False", "left_tail_mean": -0.0018440675654537346, "right_tail_mean": 0.0016853080605382994, "tail_asymmetry": 0.00015875950491543527, "tail_ratio": 1.094202068234769, "var_95": -0.011349190548779399, "var_99": -0.021012026993457635, "cvar_95": -0.01806809834631228, "cvar_99": -0.03110507217494907, "downside_deviation": 0.0005867156676874593, "max_drawdown": -0.008555822350016062, "autocorrelation_mean": 0.008561908199670388, "autocorrelation_lag1": 0.009212047073058326, "half_life": 0.6995917851279203, "vol_clustering": 0.14662196013089768}, "market_regime": {"regime": "trending", "confidence": 1.0, "hurst": 0.567831735864338, "autocorrelation": 0.009332205755981869, "volatility": 0.0007643646923967659, "sharpe": 0.007818496740575028, "scores": {"trending": 1, "mean_reverting": 0, "random_walk": 0, "volatile": 0}}, "risk_metrics": {"volatility": 0.0007642067997563602, "downside_deviation": 0.0005867156676874593, "var_95": -0.0011583219099219554, "var_99": -0.002144531024814906, "cvar_95": -0.0018440675654537346, "cvar_99": -0.003174648135044508, "sharpe": 0.13020818508789303, "sortino": 0.16959830103106938, "max_drawdown": 0, "avg_drawdown": 0, "skewness": -0.5499651212750319, "kurtosis": 7.560315382324005, "tail_ratio": 1.094202068234769, "calmar": Infinity, "recovery_factor": Infinity, "omega": 1.023845300903411, "ulcer_index": 0}}, "last_regime": "trending", "risk_metrics_history": [], "equity_curve": [499.62, 492.89, 492.63, 498.77, 498.77, 498.77, 498.77], "returns_series": [], "last_analysis_time": "2025-12-31T11:55:00.040370", "iteration": 30}