{"active_positions": {}, "initial_analysis": {"return_distribution": {"n_samples": 11999, "mean": 2.3947417555197785e-05, "std": 0.0012284591904300674, "skewness": -0.9114771069906934, "kurtosis": 13.794759783954433, "excess_kurtosis": 13.794759783954433, "median": 3.5455439898468555e-05, "mad": 0.0005268634969630703, "min": -0.014303625435473366, "max": 0.011612054967160335, "range": 0.0259156804026337, "q1": -0.00047902949049694055, "q3": 0.0005763964809950561, "iqr": 0.0010554259714919967, "sharpe": 3.032032414864114, "sortino": 3.6524083910660825, "jarque_bera_stat": 96801.21234165771, "jarque_bera_pvalue": 0.0, "is_normal": "False", "left_tail_mean": -0.0030444173143789398, "right_tail_mean": 0.0027407247690720217, "tail_asymmetry": 0.00030369254530691805, "tail_ratio": 1.110807385233996, "var_95": -0.01701116841468027, "var_99": -0.03579691627754939, "cvar_95": -0.02982907593729089, "cvar_99": -0.0545339007793021, "downside_deviation": 0.0010198005499145455, "max_drawdown": -0.014303625435473366, "autocorrelation_mean": 0.010202135977123038, "autocorrelation_lag1": -0.019852536836839404, "half_life": 0.6796541254910672, "vol_clustering": 0.19004739499280876}, "market_regime": {"regime": "trending", "confidence": 1.0, "hurst": 0.612621936886836, "autocorrelation": -0.019675090574757432, "volatility": 0.0012291314114420662, "sharpe": 0.018868640024660956, "scores": {"trending": 3, "mean_reverting": 0, "random_walk": 0, "volatile": 0}}, "risk_metrics": {"volatility": 0.0012284591904300674, "downside_deviation": 0.0010198005499145455, "var_95": -0.0017361951060215208, "var_99": -0.0036535074685468925, "cvar_95": -0.0030444173143789398, "cvar_99": -0.005565842941369002, "sharpe": 0.30945551249982317, "sortino": 0.37277237043214917, "max_drawdown": 0, "avg_drawdown": 0, "skewness": -0.9114771069906934, "kurtosis": 13.794759783954433, "tail_ratio": 1.110807385233996, "calmar": 6034.749223909842, "recovery_factor": 287345.06324481824, "omega": 1.06179621523569, "ulcer_index": 0}}, "last_regime": "trending", "risk_metrics_history": [], "equity_curve": [496.9, 496.9, 496.9, 496.9, 496.9], "returns_series": [], "last_analysis_time": "2025-12-31T18:10:05.855831", "iteration": 150}